,經度,緯度,x,y
0,,,6,5
1,,,6,5
2,,,7,5
3,,,5,5
4,,,4,5
5,,,3,5
6,,,4,4
7,,,4,4
8,,,4,3
9,,,4,3
10,,,8,7
11,,,3,8
12,,,3,9
13,,,3,9
14,,,3,9
15,,,4,5
16,,,1,9
17,,,4,5
18,,,2,4
19,,,6,2
20,,,4,3
21,,,4,8
22,,,5,2
23,,,6,1
24,,,4,7
25,,,8,5
26,,,3,5
27,,,6,4
28,,,5,4
29,,,5,4
30,,,5,6
31,,,5,6
32,,,6,7
33,,,3,4
34,,,3,5
35,,,3,5
36,,,3,5
37,,,3,4
38,,,3,4
39,,,3,4
40,,,4,3
41,,,4,3
42,,,6,3
43,,,6,4
44,,,6,4
45,,,6,3
46,,,6,5
47,,,4,6
48,,,5,4
49,,,4,4
50,,,4,4
51,,,4,4
52,,,4,3
53,,,4,3
54,,,5,6
55,,,7,4
56,,,5,4
57,,,6,3
58,,,6,3
59,,,4,7
60,,,5,3
61,,,7,5
62,,,7,5
63,,,6,5
64,,,4,4
65,,,4,4
66,,,6,6
67,,,7,5
68,,,7,4
69,,,5,3
70,,,5,2
71,,,5,3
72,,,6,2
73,,,6,2
74,,,6,2
75,,,5,3
76,,,5,3
77,,,6,1
78,,,5,4
79,,,3,5
80,,,8,6
81,,,7,5
82,,,7,2
83,,,7,1
84,,,7,1
85,,,7,2
86,,,7,2
87,,,8,5
88,,,8,5
89,,,8,5
90,,,8,5
91,,,1,9
92,,,6,5
93,,,7,5
94,,,7,5
95,,,7,5
96,,,7,5
97,,,8,5
98,,,8,5
99,,,8,7
100,,,7,6
101,,,8,5
102,,,8,5
103,,,5,5
104,,,6,6
105,,,5,4
106,,,4,7
107,,,3,8
108,,,3,9
109,,,3,9
110,,,7,6
111,,,7,6
112,,,4,4
113,,,7,7
114,,,5,6
115,,,3,6
116,,,4,6
117,,,5,2
118,,,5,2
119,,,4,2
120,,,5,2
121,,,5,2
122,,,5,2
123,,,3,4
124,,,3,4
125,,,2,4
126,,,3,4
127,,,5,5
128,,,6,10
129,,,8,1
130,,,8,4
131,,,8,5
132,,,8,5
133,,,1,9
134,,,5,6
135,,,4,6
136,,,4,6
137,,,7,4
138,,,4,5
139,,,4,5
140,,,6,5
141,,,5,7
142,,,5,7
143,,,3,10
144,,,4,6
145,,,4,6
146,,,6,8
147,,,6,8
148,,,6,8
149,,,7,6
150,,,6,2
151,,,5,2
152,,,5,2
153,,,5,2
154,,,5,2
155,,,5,2
156,,,5,2
157,,,5,2
158,,,6,5
159,,,8,5
160,,,5,6
161,,,6,7
162,,,8,5
163,,,7,5
164,,,4,7
165,,,3,6
166,,,4,7
167,,,4,3
168,,,5,4
169,,,5,3
170,,,5,3
171,,,4,3
172,,,5,3
173,,,4,3
174,,,4,4
175,,,5,3
176,,,5,3
177,,,5,3
178,,,6,2
179,,,5,3
180,,,6,5
181,,,3,9
182,,,6,7
183,,,6,7
184,,,6,7
185,,,5,2
186,,,6,2
187,,,6,2
188,,,5,2
189,,,5,2
190,,,4,3
191,,,4,3
192,,,4,3
193,,,4,3
194,,,4,4
195,,,3,5
196,,,8,5
197,,,7,5
198,,,7,6
199,,,7,6
200,,,7,6
201,,,7,6
202,,,4,5
203,,,5,3
204,,,8,5
205,,,4,3
206,,,4,3
207,,,5,4
208,,,3,4
209,,,3,5
210,,,3,5
211,,,3,4
212,,,4,4
213,,,3,4
214,,,3,5
215,,,3,6
216,,,6,4
217,,,4,5
218,,,3,4
219,,,5,2
220,,,5,4
221,,,5,2
222,,,5,5
223,,,4,4
224,,,5,6
225,,,5,6
226,,,5,6
227,,,5,5
228,,,5,6
229,,,4,4
230,,,4,4
231,,,4,5
232,,,5,5
233,,,4,4
234,,,4,5
235,,,4,4
236,,,4,3
237,,,4,5
238,,,4,5
239,,,4,5
240,,,5,2
241,,,5,5
242,,,5,5
243,,,4,4
244,,,4,5
245,,,4,5
246,,,4,4
247,,,5,5
248,,,5,5
249,,,5,5
250,,,3,4
251,,,3,4
252,,,4,4
253,,,4,3
254,,,4,4
255,,,4,3
256,,,4,4
257,,,4,4
258,,,5,4
259,,,5,4
260,,,5,5
261,,,5,4
262,,,5,4
263,,,5,4
264,,,4,4
265,,,5,5
266,,,5,5
267,,,4,4
268,,,4,3
269,,,4,4
270,,,5,5
271,,,8,4
272,,,8,4
273,,,5,2
274,,,4,4
275,,,4,4
276,,,5,5
277,,,4,5
278,,,5,5
279,,,4,5
280,,,5,5
281,,,5,2
282,,,4,2
283,,,5,2
284,,,5,2
285,,,5,2
286,,,8,6
287,,,8,6
288,,,8,6
289,,,7,6
290,,,6,7
291,,,6,7
292,,,8,7
293,,,5,7
294,,,8,5
295,,,3,5
296,,,5,5
297,,,6,5
298,,,4,5
299,,,6,5
300,,,5,5
301,,,4,5
302,,,7,5
303,,,4,5
304,,,3,5
305,,,2,4
306,,,4,5
307,,,4,6
308,,,3,6
309,,,4,3
310,,,4,3
311,,,3,5
312,,,3,5
313,,,3,5
314,,,3,5
315,,,3,5
316,,,6,4
317,,,5,4
318,,,4,3
319,,,4,5
320,,,4,5
321,,,4,5
322,,,3,5
323,,,7,3
324,,,6,9
325,,,4,4
326,,,4,5
327,,,4,5
328,,,4,5
329,,,4,5
330,,,5,5
331,,,4,5
332,,,4,5
333,,,4,5
334,,,4,5
335,,,4,5
336,,,6,2
337,,,4,6
338,,,4,6
339,,,4,4
340,,,4,3
341,,,4,4
342,,,6,6
343,,,6,6
344,,,7,7
345,,,7,7
346,,,5,5
347,,,4,6
348,,,4,6
349,,,5,4
350,,,4,5
351,,,4,5
352,,,4,5
353,,,5,7
354,,,3,4
355,,,3,4
356,,,3,4
357,,,3,4
358,,,3,8
359,,,6,7
360,,,5,2
361,,,6,1
362,,,3,4
363,,,7,1
364,,,7,1
365,,,7,1
366,,,7,1
367,,,6,1
368,,,6,5
369,,,7,5
370,,,4,4
371,,,4,4
372,,,5,4
373,,,5,3
374,,,5,4
375,,,5,4
376,,,5,3
377,,,5,3
378,,,5,3
379,,,5,3
380,,,5,2
381,,,5,2
382,,,5,3
383,,,5,4
384,,,5,3
385,,,5,3
386,,,5,3
387,,,5,3
388,,,5,4
389,,,5,4
390,,,5,3
391,,,5,4
392,,,5,4
393,,,4,3
394,,,4,3
395,,,5,3
396,,,5,4
397,,,5,4
398,,,5,4
399,,,5,2
400,,,5,3
401,,,5,2
402,,,5,4
403,,,4,4
404,,,5,4
405,,,5,2
406,,,6,2
407,,,6,2
408,,,6,2
409,,,6,2
410,,,6,2
411,,,6,2
412,,,6,2
413,,,6,2
414,,,6,2
415,,,6,2
416,,,7,2
417,,,6,2
418,,,6,2
419,,,6,2
420,,,5,2
421,,,5,2
422,,,6,2
423,,,6,2
424,,,6,2
425,,,6,2
426,,,6,2
427,,,6,2
428,,,6,2
429,,,6,2
430,,,5,3
431,,,6,2
432,,,5,2
433,,,5,2
434,,,5,5
435,,,4,5
436,,,4,5
437,,,3,5
438,,,5,5
439,,,4,5
440,,,5,5
441,,,5,5
442,,,5,5
443,,,5,5
444,,,4,5
445,,,6,2
446,,,6,3
447,,,6,3
448,,,6,2
449,,,6,4
450,,,6,3
451,,,6,3
452,,,6,3
453,,,6,3
454,,,6,3
455,,,6,3
456,,,6,2
457,,,6,3
458,,,6,3
459,,,6,3
460,,,6,4
461,,,6,4
462,,,6,5
463,,,6,2
464,,,6,2
465,,,8,5
466,,,7,5
467,,,8,5
468,,,8,5
469,,,8,5
470,,,7,5
471,,,7,5
472,,,6,5
473,,,6,5
474,,,7,5
475,,,8,5
476,,,8,5
477,,,7,5
478,,,6,5
479,,,7,5
480,,,7,5
481,,,8,5
482,,,7,5
483,,,7,5
484,,,6,2
485,,,6,3
486,,,6,2
487,,,6,2
488,,,6,3
489,,,6,3
490,,,6,3
491,,,6,3
492,,,6,3
493,,,6,3
494,,,6,3
495,,,6,3
496,,,6,3
497,,,3,5
498,,,3,5
499,,,3,5
500,,,3,5
501,,,3,5
502,,,3,5
503,,,3,5
504,,,4,4
505,,,4,4
506,,,4,5
507,,,4,5
508,,,4,5
509,,,4,4
510,,,4,5
511,,,4,4
512,,,4,4
513,,,3,5
514,,,3,5
515,,,6,5
516,,,7,5
517,,,7,5
518,,,8,5
519,,,8,5
520,,,8,5
521,,,8,5
522,,,8,5
523,,,7,5
524,,,6,5
525,,,7,5
526,,,7,5
527,,,8,5
528,,,7,5
529,,,5,4
530,,,5,4
531,,,4,4
532,,,3,4
533,,,4,3
534,,,3,4
535,,,3,4
536,,,4,3
537,,,4,4
538,,,4,4
539,,,4,4
540,,,4,3
541,,,4,4
542,,,4,4
543,,,4,4
544,,,4,3
545,,,4,4
546,,,4,3
547,,,4,3
548,,,4,3
549,,,4,3
550,,,5,2
551,,,5,2
552,,,5,2
553,,,5,2
554,,,5,2
555,,,5,2
556,,,4,4
557,,,5,4
558,,,5,4
559,,,5,4
560,,,6,2
561,,,4,3
562,,,5,2
563,,,7,3
564,,,7,3
565,,,7,3
566,,,7,3
567,,,7,3
568,,,7,2
569,,,7,3
570,,,7,3
571,,,7,2
572,,,7,3
573,,,5,2
574,,,6,2
575,,,6,2
576,,,6,2
577,,,6,2
578,,,5,2
579,,,5,2
580,,,5,2
581,,,5,2
582,,,5,2
583,,,5,2
584,,,6,2
585,,,6,2
586,,,5,3
587,,,5,3
588,,,4,4
589,,,6,10
590,,,6,2
591,,,5,3
592,,,6,3
593,,,6,3
594,,,5,4
595,,,6,2
596,,,5,3
597,,,5,4
598,,,5,4
599,,,5,4
600,,,5,3
601,,,6,3
602,,,6,3
603,,,6,3
604,,,6,3
605,,,6,2
606,,,6,2
607,,,6,2
608,,,6,2
609,,,6,2
610,,,6,2
611,,,6,3
612,,,6,3
613,,,6,2
614,,,6,2
615,,,6,3
616,,,6,3
617,,,7,3
618,,,7,3
619,,,6,4
620,,,6,4
621,,,6,4
622,,,6,4
623,,,6,4
624,,,6,3
625,,,4,4
626,,,3,4
627,,,3,4
628,,,3,4
629,,,3,4
630,,,3,4
631,,,3,5
632,,,3,4
633,,,4,4
634,,,3,4
635,,,3,5
636,,,3,5
637,,,3,5
638,,,3,5
639,,,4,3
640,,,3,5
641,,,3,5
642,,,5,2
643,,,5,2
644,,,5,2
645,,,5,2
646,,,5,2
647,,,5,2
648,,,5,2
649,,,5,2
650,,,5,2
651,,,5,2
652,,,5,2
653,,,5,2
654,,,5,2
655,,,5,2
656,,,5,2
657,,,5,2
658,,,5,2
659,,,6,2
660,,,6,2
661,,,6,2
662,,,6,2
663,,,6,2
664,,,6,2
665,,,6,2
666,,,6,2
667,,,6,2
668,,,5,2
669,,,5,2
670,,,5,2
671,,,5,2
672,,,5,2
673,,,5,2
674,,,5,2
675,,,5,2
676,,,3,9
677,,,3,9
678,,,3,9
679,,,3,9
680,,,3,9
681,,,5,5
682,,,6,5
683,,,6,2
684,,,6,2
685,,,2,4
686,,,2,4
687,,,2,4
688,,,2,4
689,,,3,4
690,,,2,4
691,,,2,4
692,,,2,4
693,,,3,4
694,,,3,4
695,,,3,4
696,,,3,4
697,,,3,4
698,,,6,4
699,,,5,3
700,,,5,3
701,,,6,5
702,,,6,5
703,,,6,5
704,,,6,5
705,,,6,5
706,,,7,5
707,,,6,5
708,,,7,5
709,,,6,5
710,,,6,5
711,,,6,5
712,,,7,5
713,,,7,5
714,,,4,5
715,,,4,2
716,,,4,4
717,,,3,4
718,,,3,4
719,,,3,4
720,,,3,4
721,,,3,4
722,,,3,5
723,,,5,4
724,,,5,5
725,,,5,4
726,,,5,5
727,,,5,5
728,,,5,5
729,,,6,2
730,,,6,2
731,,,6,2
732,,,6,2
733,,,3,4
734,,,3,4
735,,,3,4
736,,,7,2
737,,,7,2
738,,,7,2
739,,,7,2
740,,,7,2
741,,,7,2
742,,,7,2
743,,,7,2
744,,,6,2
745,,,7,2
746,,,7,2
747,,,6,2
748,,,7,2
749,,,7,2
750,,,5,3
751,,,5,3
752,,,5,3
753,,,5,3
754,,,5,3
755,,,5,3
756,,,6,2
757,,,6,2
758,,,6,2
759,,,6,2
760,,,6,2
761,,,6,2
762,,,4,3
763,,,3,5
764,,,3,5
765,,,3,5
766,,,3,5
767,,,5,4
768,,,5,2
769,,,5,2
770,,,5,2
771,,,5,2
772,,,5,2
773,,,5,2
774,,,5,3
775,,,5,4
776,,,5,4
777,,,5,3
778,,,5,3
779,,,5,4
780,,,5,3
781,,,5,3
782,,,5,3
783,,,5,3
784,,,5,3
785,,,4,5
786,,,5,3
787,,,5,5
788,,,5,5
789,,,5,5
790,,,5,5
791,,,6,5
792,,,6,5
793,,,5,4
794,,,5,4
795,,,5,4
796,,,5,5
797,,,4,4
798,,,5,4
799,,,4,4
800,,,5,4
801,,,5,4
802,,,5,4
803,,,5,4
804,,,5,4
805,,,4,4
806,,,4,4
807,,,4,4
808,,,4,4
809,,,5,4
810,,,5,4
811,,,5,4
812,,,5,4
813,,,5,4
814,,,5,4
815,,,5,4
816,,,5,4
817,,,5,4
818,,,5,4
819,,,5,4
820,,,4,5
821,,,4,5
822,,,3,5
823,,,3,5
824,,,5,2
825,,,5,2
826,,,6,3
827,,,6,3
828,,,6,3
829,,,6,3
830,,,6,3
831,,,6,3
832,,,6,3
833,,,5,3
834,,,5,5
835,,,5,5
836,,,5,5
837,,,5,5
838,,,5,4
839,,,5,4
840,,,5,5
841,,,5,4
842,,,5,5
843,,,5,4
844,,,5,4
845,,,5,4
846,,,5,4
847,,,3,4
848,,,5,4
849,,,3,4
850,,,4,4
851,,,3,4
852,,,3,4
853,,,3,4
854,,,3,5
855,,,4,4
856,,,5,4
857,,,4,4
858,,,4,4
859,,,5,4
860,,,4,4
861,,,4,4
862,,,4,4
863,,,4,4
864,,,4,4
865,,,3,4
866,,,3,4
867,,,4,4
868,,,4,4
869,,,4,4
870,,,3,4
871,,,5,4
872,,,5,4
873,,,4,4
874,,,4,4
875,,,5,4
876,,,5,4
877,,,5,4
878,,,5,4
879,,,5,4
880,,,3,4
881,,,3,4
882,,,4,5
883,,,4,5
884,,,4,4
885,,,4,4
886,,,4,4
887,,,4,5
888,,,6,4
889,,,6,4
890,,,6,4
891,,,5,10
892,,,5,4
893,,,6,4
894,,,6,4
895,,,6,4
896,,,6,4
897,,,6,4
898,,,6,4
899,,,6,4
900,,,6,4
901,,,4,4
902,,,4,4
903,,,4,4
904,,,4,4
905,,,5,4
906,,,5,4
907,,,4,4
908,,,4,4
909,,,4,4
910,,,4,4
911,,,5,4
912,,,5,4
913,,,5,4
914,,,4,4
915,,,4,4
916,,,4,4
917,,,4,4
918,,,6,5
919,,,3,4
920,,,3,4
921,,,3,5
922,,,4,5
923,,,3,5
924,,,3,5
925,,,3,5
926,,,3,5
927,,,3,5
928,,,4,5
929,,,4,5
930,,,4,5
931,,,4,5
932,,,4,5
933,,,4,5
934,,,5,5
935,,,5,5
936,,,4,5
937,,,4,5
938,,,5,5
939,,,5,5
940,,,5,4
941,,,5,5
942,,,5,5
943,,,5,5
944,,,4,4
945,,,4,4
946,,,6,2
947,,,6,2
948,,,6,2
949,,,6,2
950,,,5,2
951,,,6,2
952,,,6,2
953,,,4,4
954,,,4,4
955,,,4,4
956,,,4,4
957,,,4,4
958,,,4,5
959,,,4,5
960,,,4,5
961,,,4,4
962,,,4,6
963,,,4,5
964,,,4,7
965,,,4,7
966,,,4,7
967,,,4,5
968,,,4,7
969,,,4,8
970,,,4,8
971,,,4,7
972,,,4,7
973,,,4,6
974,,,4,6
975,,,4,7
976,,,4,6
977,,,4,7
978,,,4,7
979,,,4,8
980,,,4,8
981,,,3,8
982,,,4,8
983,,,4,8
984,,,4,8
985,,,3,8
986,,,4,8
987,,,4,8
988,,,4,8
989,,,4,8
990,,,4,8
991,,,4,8
992,,,4,8
993,,,4,6
994,,,4,5
995,,,4,7
996,,,4,5
997,,,4,5
998,,,4,8
999,,,4,7
1000,,,4,7
1001,,,4,7
1002,,,4,8
1003,,,4,7
1004,,,4,7
1005,,,4,8
1006,,,4,7
1007,,,4,7
1008,,,4,8
1009,,,4,8
1010,,,4,8
1011,,,4,8
1012,,,4,6
1013,,,4,6
1014,,,4,6
1015,,,4,8
1016,,,4,8
1017,,,4,5
1018,,,4,7
1019,,,4,8
1020,,,4,8
1021,,,4,8
1022,,,4,8
1023,,,5,5
1024,,,5,5
1025,,,4,5
1026,,,4,5
1027,,,3,5
1028,,,9,4
1029,,,9,4
1030,,,8,5
1031,,,8,5
1032,,,9,4
1033,,,9,4
1034,,,9,4
1035,,,9,4
1036,,,4,5
1037,,,5,5
1038,,,5,5
1039,,,5,5
1040,,,5,5
1041,,,5,5
1042,,,6,4
1043,,,4,5
1044,,,4,5
1045,,,4,5
1046,,,4,6
1047,,,6,2
1048,,,7,2
1049,,,7,2
1050,,,7,2
1051,,,6,2
1052,,,6,2
1053,,,7,2
1054,,,7,2
1055,,,7,2
1056,,,6,5
1057,,,7,2
1058,,,7,2
1059,,,6,2
1060,,,6,2
1061,,,6,2
1062,,,7,2
1063,,,7,2
1064,,,5,4
1065,,,5,4
1066,,,5,4
1067,,,5,4
1068,,,5,4
1069,,,5,4
1070,,,5,4
1071,,,7,2
1072,,,7,2
1073,,,7,2
1074,,,4,5
1075,,,5,5
1076,,,5,4
1077,,,5,4
1078,,,5,4
1079,,,5,4
1080,,,5,4
1081,,,5,4
1082,,,5,5
1083,,,5,4
1084,,,5,5
1085,,,5,5
1086,,,5,5
1087,,,3,9
1088,,,5,4
1089,,,5,4
1090,,,7,1
1091,,,7,1
1092,,,7,1
1093,,,7,1
1094,,,7,1
1095,,,7,1
1096,,,7,1
1097,,,7,1
1098,,,7,1
1099,,,7,1
1100,,,7,1
1101,,,7,1
1102,,,7,1
1103,,,5,6
1104,,,5,6
1105,,,5,6
1106,,,5,6
1107,,,4,6
1108,,,4,6
1109,,,4,6
1110,,,4,6
1111,,,4,6
1112,,,5,6
1113,,,4,6
1114,,,4,6
1115,,,4,6
1116,,,4,6
1117,,,4,6
1118,,,5,5
1119,,,5,6
1120,,,4,6
1121,,,4,6
1122,,,4,6
1123,,,4,6
1124,,,4,6
1125,,,4,6
1126,,,4,5
1127,,,4,5
1128,,,4,6
1129,,,4,6
1130,,,4,6
1131,,,3,4
1132,,,4,5
1133,,,4,5
1134,,,4,5
1135,,,4,5
1136,,,3,5
1137,,,3,5
1138,,,4,5
1139,,,4,5
1140,,,4,5
1141,,,4,5
1142,,,4,6
1143,,,4,6
1144,,,4,6
1145,,,4,6
1146,,,4,6
1147,,,4,6
1148,,,4,6
1149,,,5,6
1150,,,5,7
1151,,,5,6
1152,,,5,6
1153,,,4,6
1154,,,4,6
1155,,,5,7
1156,,,5,7
1157,,,5,7
1158,,,3,6
1159,,,5,6
1160,,,5,7
1161,,,5,7
1162,,,5,6
1163,,,5,6
1164,,,5,8
1165,,,5,7
1166,,,5,7
1167,,,5,7
1168,,,5,7
1169,,,5,7
1170,,,5,7
1171,,,5,7
1172,,,5,7
1173,,,5,7
1174,,,5,7
1175,,,5,7
1176,,,5,7
1177,,,4,7
1178,,,4,6
1179,,,5,6
1180,,,6,6
1181,,,3,5
1182,,,6,6
1183,,,6,6
1184,,,6,7
1185,,,6,7
1186,,,7,6
1187,,,7,6
1188,,,7,6
1189,,,7,6
1190,,,5,6
1191,,,5,6
1192,,,5,7
1193,,,5,7
1194,,,6,6
1195,,,6,7
1196,,,6,7
1197,,,6,7
1198,,,5,7
1199,,,5,7
1200,,,5,7
1201,,,5,7
1202,,,6,7
1203,,,6,7
1204,,,6,6
1205,,,6,6
1206,,,6,6
1207,,,6,6
1208,,,5,6
1209,,,5,7
1210,,,6,6
1211,,,6,6
1212,,,7,6
1213,,,7,6
1214,,,6,4
1215,,,6,4
1216,,,2,4
1217,,,6,4
1218,,,6,4
1219,,,6,4
1220,,,6,4
1221,,,6,4
1222,,,6,4
1223,,,3,4
1224,,,2,4
1225,,,3,4
1226,,,4,4
1227,,,2,4
1228,,,3,4
1229,,,6,4
1230,,,6,4
1231,,,3,4
1232,,,3,4
1233,,,3,4
1234,,,3,4
1235,,,6,4
1236,,,6,4
1237,,,5,7
1238,,,5,7
1239,,,3,4
1240,,,3,4
1241,,,3,4
1242,,,3,4
1243,,,4,4
1244,,,7,6
1245,,,7,6
1246,,,4,7
1247,,,4,7
1248,,,6,5
1249,,,6,5
1250,,,6,5
1251,,,6,5
1252,,,3,4
1253,,,3,4
1254,,,4,7
1255,,,4,7
1256,,,3,5
1257,,,4,7
1258,,,4,7
1259,,,5,7
1260,,,3,6
1261,,,3,6
1262,,,3,4
1263,,,3,4
1264,,,3,6
1265,,,3,6
1266,,,3,6
1267,,,4,4
1268,,,3,5
1269,,,3,6
1270,,,4,7
1271,,,4,7
1272,,,6,6
1273,,,6,6
1274,,,6,6
1275,,,6,6
1276,,,6,6
1277,,,6,6
1278,,,6,5
1279,,,6,5
1280,,,3,6
1281,,,5,7
1282,,,5,7
1283,,,6,5
1284,,,6,5
1285,,,6,5
1286,,,5,7
1287,,,5,7
1288,,,3,6
1289,,,3,6
1290,,,3,5
1291,,,3,5
1292,,,4,7
1293,,,4,7
1294,,,7,5
1295,,,7,5
1296,,,4,7
1297,,,4,7
1298,,,4,5
1299,,,3,4
1300,,,3,4
1301,,,3,5
1302,,,7,5
1303,,,6,5
1304,,,6,5
1305,,,7,6
1306,,,7,6
1307,,,3,4
1308,,,3,4
1309,,,7,5
1310,,,7,5
1311,,,3,6
1312,,,4,7
1313,,,6,5
1314,,,6,5
1315,,,3,9
1316,,,3,9
1317,,,3,9
1318,,,8,5
1319,,,8,5
1320,,,8,5
1321,,,7,5
1322,,,7,5
1323,,,7,5
1324,,,7,5
1325,,,7,5
1326,,,7,5
1327,,,7,5
1328,,,7,5
1329,,,8,5
1330,,,8,5
1331,,,7,5
1332,,,8,5
1333,,,8,5
1334,,,8,5
1335,,,8,5
1336,,,8,5
1337,,,7,5
1338,,,7,5
1339,,,7,5
1340,,,7,5
1341,,,4,5
1342,,,5,5
1343,,,5,5
1344,,,5,5
1345,,,5,5
1346,,,5,5
1347,,,5,5
1348,,,5,5
1349,,,5,5
1350,,,6,5
1351,,,5,5
1352,,,6,5
1353,,,6,5
1354,,,6,5
1355,,,6,5
1356,,,6,5
1357,,,6,5
1358,,,6,5
1359,,,6,5
1360,,,6,4
1361,,,6,4
1362,,,6,4
1363,,,3,5
1364,,,3,5
1365,,,3,5
1366,,,3,5
1367,,,4,4
1368,,,3,4
1369,,,4,4
1370,,,6,5
1371,,,6,4
1372,,,6,4
1373,,,6,5
1374,,,6,5
1375,,,6,5
1376,,,6,5
1377,,,6,5
1378,,,4,8
1379,,,4,8
1380,,,6,8
1381,,,4,7
1382,,,1,9
1383,,,3,5
1384,,,3,5
1385,,,3,5
1386,,,5,5
1387,,,5,5
1388,,,5,5
1389,,,5,5
1390,,,5,4
1391,,,4,9
1392,,,4,9
1393,,,4,9
1394,,,4,9
1395,,,4,9
1396,,,4,9
1397,,,4,9
1398,,,4,9
1399,,,4,9
1400,,,2,9
1401,,,7,7
1402,,,7,7
1403,,,7,7
1404,,,7,7
1405,,,7,7
1406,,,7,6
1407,,,3,5
1408,,,3,5
1409,,,3,5
1410,,,3,5
1411,,,3,5
1412,,,3,6
1413,,,3,6
1414,,,3,6
1415,,,3,6
1416,,,3,6
1417,,,3,6
1418,,,3,6
1419,,,3,6
1420,,,3,6
1421,,,3,6
1422,,,3,6
1423,,,7,7
1424,,,7,7
1425,,,7,6
1426,,,7,6
1427,,,7,6
1428,,,7,6
1429,,,7,6
1430,,,6,6
1431,,,6,6
1432,,,6,7
1433,,,6,7
1434,,,6,7
1435,,,4,5
1436,,,4,5
1437,,,6,4
1438,,,6,4
1439,,,6,4
1440,,,3,5
1441,,,4,6
1442,,,4,6
1443,,,4,6
1444,,,4,6
1445,,,4,6
1446,,,4,6
1447,,,4,6
1448,,,5,6
1449,,,5,6
1450,,,5,6
1451,,,5,6
1452,,,5,5
1453,,,5,5
1454,,,5,5
1455,,,5,5
1456,,,5,6
1457,,,5,5
1458,,,5,5
1459,,,6,4
1460,,,7,4
1461,,,6,4
1462,,,6,4
1463,,,6,4
1464,,,6,4
1465,,,5,8
1466,,,5,8
1467,,,5,8
1468,,,5,8
1469,,,5,9
1470,,,5,8
1471,,,5,8
1472,,,5,8
1473,,,5,8
1474,,,5,8
1475,,,5,8
1476,,,5,9
1477,,,5,9
1478,,,5,9
1479,,,5,9
1480,,,5,9
1481,,,5,9
1482,,,5,9
1483,,,5,9
1484,,,5,9
1485,,,5,9
1486,,,5,9
1487,,,5,9
1488,,,5,9
1489,,,5,9
1490,,,5,9
1491,,,5,9
1492,,,5,8
1493,,,5,8
1494,,,5,8
1495,,,5,8
1496,,,5,8
1497,,,5,8
1498,,,5,8
1499,,,4,8
1500,,,4,8
1501,,,4,8
1502,,,4,8
1503,,,4,8
1504,,,4,8
1505,,,4,8
1506,,,4,8
1507,,,4,7
1508,,,4,7
1509,,,4,7
1510,,,4,7
1511,,,4,7
1512,,,5,8
1513,,,5,8
1514,,,5,8
1515,,,5,8
1516,,,5,8
1517,,,5,8
1518,,,5,8
1519,,,5,8
1520,,,5,8
1521,,,5,8
1522,,,5,8
1523,,,5,8
1524,,,5,8
1525,,,6,8
1526,,,6,8
1527,,,6,8
1528,,,6,8
1529,,,6,8
1530,,,6,8
1531,,,6,8
1532,,,6,8
1533,,,6,8
1534,,,6,8
1535,,,6,8
1536,,,6,8
1537,,,6,8
1538,,,6,8
1539,,,6,8
1540,,,6,8
1541,,,6,8
1542,,,6,8
1543,,,6,9
1544,,,6,9
1545,,,6,9
1546,,,6,9
1547,,,6,9
1548,,,6,9
1549,,,6,9
1550,,,6,9
1551,,,6,9
1552,,,6,9
1553,,,6,9
1554,,,6,9
1555,,,6,9
1556,,,6,9
1557,,,6,9
1558,,,6,9
1559,,,6,9
1560,,,6,9
1561,,,6,9
1562,,,6,9
1563,,,6,9
1564,,,5,7
1565,,,5,9
1566,,,5,9
1567,,,5,9
1568,,,5,8
1569,,,4,6
1570,,,4,6
1571,,,5,9
1572,,,5,9
1573,,,5,9
1574,,,5,9
1575,,,5,9
1576,,,5,9
1577,,,5,9
1578,,,5,9
1579,,,5,9
1580,,,5,9
1581,,,5,10
1582,,,5,10
1583,,,5,10
1584,,,5,10
1585,,,5,10
1586,,,5,10
1587,,,5,10
1588,,,5,10
1589,,,5,10
1590,,,5,10
1591,,,5,10
1592,,,5,10
1593,,,5,10
1594,,,5,10
1595,,,5,10
1596,,,5,10
1597,,,6,10
1598,,,6,10
1599,,,6,10
1600,,,6,10
1601,,,6,10
1602,,,6,10
1603,,,5,10
1604,,,5,10
1605,,,5,10
1606,,,5,10
1607,,,5,10
1608,,,5,10
1609,,,5,10
1610,,,5,10
1611,,,5,10
1612,,,5,10
1613,,,5,10
1614,,,5,10
1615,,,6,10
1616,,,6,10
1617,,,6,10
1618,,,6,10
1619,,,6,10
1620,,,6,10
1621,,,6,10
1622,,,6,10
1623,,,6,10
1624,,,6,10
1625,,,6,9
1626,,,6,9
1627,,,6,9
1628,,,6,9
1629,,,6,9
1630,,,6,9
1631,,,6,9
1632,,,6,9
1633,,,6,9
1634,,,6,9
1635,,,6,9
1636,,,6,9
1637,,,4,6
1638,,,5,10
1639,,,5,10
1640,,,5,9
1641,,,5,9
1642,,,5,9
1643,,,4,7
1644,,,4,7
1645,,,4,7
1646,,,3,7
1647,,,4,7
1648,,,4,7
1649,,,4,7
1650,,,4,7
1651,,,5,9
1652,,,5,9
1653,,,5,10
1654,,,5,10
1655,,,5,10
1656,,,5,10
1657,,,6,10
1658,,,6,10
1659,,,6,10
1660,,,6,10
1661,,,6,10
1662,,,6,10
1663,,,6,10
1664,,,6,10
1665,,,6,10
1666,,,6,10
1667,,,6,8
1668,,,6,8
1669,,,6,8
1670,,,6,8
1671,,,6,8
1672,,,7,8
1673,,,7,8
1674,,,7,9
1675,,,7,9
1676,,,7,9
1677,,,7,9
1678,,,7,9
1679,,,7,9
1680,,,7,9
1681,,,5,9
1682,,,5,9
1683,,,4,9
1684,,,5,10
1685,,,5,10
1686,,,5,10
1687,,,6,8
1688,,,6,8
1689,,,6,8
1690,,,6,8
1691,,,7,8
1692,,,7,8
1693,,,7,8
1694,,,7,8
1695,,,7,8
1696,,,7,8
1697,,,7,8
1698,,,7,8
1699,,,7,9
1700,,,7,9
1701,,,7,9
1702,,,7,9
1703,,,7,9
1704,,,7,9
1705,,,7,9
1706,,,7,9
1707,,,7,9
1708,,,4,8
1709,,,4,8
1710,,,4,8
1711,,,4,8
1712,,,4,8
1713,,,4,8
1714,,,4,8
1715,,,4,8
1716,,,4,8
1717,,,4,8
1718,,,4,8
1719,,,4,8
1720,,,4,8
1721,,,4,8
1722,,,4,8
1723,,,4,8
1724,,,4,8
1725,,,4,8
1726,,,4,8
1727,,,4,8
1728,,,4,8
1729,,,4,8
1730,,,4,8
1731,,,4,8
1732,,,4,8
1733,,,4,8
1734,,,4,8
1735,,,3,7
1736,,,3,7
1737,,,3,7
1738,,,3,7
1739,,,3,7
1740,,,3,7
1741,,,3,7
1742,,,3,7
1743,,,3,6
1744,,,3,6
1745,,,3,6
1746,,,3,6
1747,,,3,6
1748,,,3,6
1749,,,3,6
1750,,,3,6
1751,,,3,6
1752,,,3,6
1753,,,3,6
1754,,,3,6
1755,,,3,6
1756,,,3,6
1757,,,3,5
1758,,,3,5
1759,,,3,5
1760,,,3,5
1761,,,3,5
1762,,,3,5
1763,,,3,5
1764,,,3,5
1765,,,3,5
1766,,,3,5
1767,,,3,5
1768,,,3,5
1769,,,5,6
1770,,,4,8
1771,,,4,8
1772,,,4,8
1773,,,4,8
1774,,,4,8
1775,,,4,8
1776,,,4,8
1777,,,4,8
1778,,,4,8
1779,,,4,8
1780,,,4,8
1781,,,4,8
1782,,,4,9
1783,,,4,9
1784,,,4,9
1785,,,4,9
1786,,,4,9
1787,,,4,9
1788,,,4,9
1789,,,4,9
1790,,,4,9
1791,,,4,8
1792,,,4,8
1793,,,4,8
1794,,,4,8
1795,,,4,8
1796,,,4,8
1797,,,4,8
1798,,,4,8
1799,,,4,8
1800,,,4,8
1801,,,4,8
1802,,,4,8
1803,,,4,9
1804,,,4,9
1805,,,4,9
1806,,,4,9
1807,,,4,9
1808,,,4,8
1809,,,4,8
1810,,,4,6
1811,,,4,6
1812,,,4,6
1813,,,4,6
1814,,,4,6
1815,,,4,6
1816,,,4,5
1817,,,4,5
1818,,,4,5
1819,,,4,5
1820,,,3,5
1821,,,4,5
1822,,,3,5
1823,,,4,8
1824,,,4,8
1825,,,4,8
1826,,,4,8
1827,,,4,8
1828,,,4,6
1829,,,4,6
1830,,,4,6
1831,,,4,6
1832,,,4,8
1833,,,4,8
1834,,,4,8
1835,,,4,8
1836,,,3,7
1837,,,3,7
1838,,,3,7
1839,,,3,7
1840,,,3,7
1841,,,3,7
1842,,,3,7
1843,,,3,7
1844,,,3,7
1845,,,3,7
1846,,,3,7
1847,,,3,7
1848,,,5,5
1849,,,3,8
1850,,,3,8
1851,,,3,8
1852,,,3,8
1853,,,3,8
1854,,,3,8
1855,,,3,8
1856,,,4,9
1857,,,4,9
1858,,,4,9
1859,,,4,9
1860,,,4,9
1861,,,4,9
1862,,,4,9
1863,,,4,8
1864,,,4,8
1865,,,3,8
1866,,,3,8
1867,,,3,8
1868,,,3,8
1869,,,3,8
1870,,,3,8
1871,,,3,8
1872,,,3,8
1873,,,3,8
1874,,,3,8
1875,,,3,7
1876,,,3,7
1877,,,3,7
1878,,,3,7
1879,,,3,6
1880,,,3,5
1881,,,3,5
1882,,,3,5
1883,,,3,5
1884,,,3,4
1885,,,3,4
1886,,,3,4
1887,,,3,4
1888,,,3,4
1889,,,3,4
1890,,,3,4
1891,,,3,4
1892,,,3,4
1893,,,3,4
1894,,,3,4
1895,,,2,4
1896,,,2,3
1897,,,2,3
1898,,,2,3
1899,,,2,3
1900,,,3,5
1901,,,3,4
1902,,,3,4
1903,,,3,8
1904,,,3,8
1905,,,3,8
1906,,,3,8
1907,,,3,9
1908,,,3,9
1909,,,3,9
1910,,,3,9
1911,,,3,9
1912,,,3,9
1913,,,3,9
1914,,,3,9
1915,,,3,9
1916,,,3,9
1917,,,3,9
1918,,,3,9
1919,,,3,9
1920,,,3,9
1921,,,3,9
1922,,,3,9
1923,,,3,9
1924,,,3,9
1925,,,3,9
1926,,,3,9
1927,,,3,9
1928,,,3,9
1929,,,3,10
1930,,,3,10
1931,,,2,10
1932,,,2,10
1933,,,2,10
1934,,,2,10
1935,,,2,10
1936,,,2,10
1937,,,2,10
1938,,,2,10
1939,,,2,10
1940,,,2,10
1941,,,4,8
1942,,,3,6
1943,,,3,6
1944,,,4,10
1945,,,4,10
1946,,,4,10
1947,,,4,10
1948,,,4,10
1949,,,4,9
1950,,,4,9
1951,,,4,9
1952,,,4,9
1953,,,4,9
1954,,,4,9
1955,,,4,9
1956,,,4,9
1957,,,4,9
1958,,,5,5
1959,,,5,5
1960,,,5,5
1961,,,5,5
1962,,,5,5
1963,,,5,5
1964,,,5,5
1965,,,6,5
1966,,,6,5
1967,,,6,5
1968,,,6,5
1969,,,6,5
1970,,,6,5
1971,,,6,5
1972,,,6,5
1973,,,6,5
1974,,,6,5
1975,,,6,4
1976,,,6,4
1977,,,6,4
1978,,,4,8
1979,,,4,8
1980,,,4,8
1981,,,4,8
1982,,,4,8
1983,,,4,8
1984,,,4,8
1985,,,4,8
1986,,,4,8
1987,,,4,8
1988,,,3,8
1989,,,3,8
1990,,,6,7
1991,,,6,7
1992,,,6,7
1993,,,6,6
1994,,,6,6
1995,,,7,6
1996,,,7,7
1997,,,7,7
1998,,,7,7
1999,,,7,7
2000,,,7,7
2001,,,7,7
2002,,,5,8
2003,,,5,8
2004,,,5,8
2005,,,5,8
2006,,,5,8
2007,,,5,8
2008,,,5,8
2009,,,5,8
2010,,,5,9
2011,,,5,9
2012,,,5,9
2013,,,5,9
2014,,,5,9
2015,,,5,9
2016,,,5,9
2017,,,6,9
2018,,,5,9
2019,,,6,9
2020,,,6,9
2021,,,6,9
2022,,,6,9
2023,,,6,9
2024,,,6,9
2025,,,6,9
2026,,,6,9
2027,,,4,5
2028,,,4,5
2029,,,4,5
2030,,,4,5
2031,,,4,5
2032,,,4,5
2033,,,4,5
2034,,,4,5
2035,,,4,5
2036,,,4,5
2037,,,4,5
2038,,,3,5
2039,,,3,4
2040,,,5,5
2041,,,6,5
2042,,,5,2
2043,,,5,2
2044,,,4,2
2045,,,4,2
2046,,,4,2
2047,,,4,2
2048,,,3,4
2049,,,3,4
2050,,,5,5
2051,,,3,4
2052,,,3,4
2053,,,3,4
2054,,,3,4
2055,,,3,5
2056,,,7,5
2057,,,7,5
2058,,,7,5
2059,,,8,6
2060,,,8,6
2061,,,7,6
2062,,,7,6
2063,,,8,7
2064,,,8,7
2065,,,8,7
2066,,,7,6
2067,,,7,6
2068,,,8,6
2069,,,8,6
2070,,,8,6
2071,,,8,6
2072,,,7,6
2073,,,7,7
2074,,,8,7
2075,,,8,7
2076,,,8,6
2077,,,8,6
2078,,,7,6
2079,,,7,6
2080,,,8,6
2081,,,8,6
2082,,,8,6
2083,,,8,6
2084,,,8,6
2085,,,8,6
2086,,,7,7
2087,,,7,7
2088,,,7,6
2089,,,7,6
2090,,,7,6
2091,,,7,6
2092,,,7,7
2093,,,8,6
2094,,,8,6
2095,,,4,5
2096,,,4,5
2097,,,3,4
2098,,,3,4
2099,,,3,4
2100,,,4,5
2101,,,4,3
2102,,,4,3
2103,,,4,3
2104,,,4,3
2105,,,4,4
2106,,,4,4
2107,,,3,5
2108,,,3,5
2109,,,4,4
2110,,,4,3
2111,,,4,4
2112,,,4,4
2113,,,4,3
2114,,,4,5
2115,,,4,5
2116,,,5,10
2117,,,5,10
2118,,,6,10
2119,,,5,10
2120,,,5,10
2121,,,5,10
2122,,,5,10
2123,,,5,10
2124,,,5,10
2125,,,5,10
2126,,,5,10
2127,,,5,10
2128,,,5,10
2129,,,4,10
2130,,,5,10
2131,,,5,10
2132,,,3,8
2133,,,3,8
2134,,,3,8
2135,,,3,4
2136,,,3,4
2137,,,4,4
2138,,,4,5
2139,,,7,7
2140,,,3,5
2141,,,8,5
2142,,,3,5
2143,,,3,4
2144,,,3,4
2145,,,3,4
2146,,,3,4
2147,,,3,4
2148,,,7,4
2149,,,7,4
2150,,,7,4
2151,,,7,4
2152,,,7,4
2153,,,7,4
2154,,,3,7
2155,,,3,7
2156,,,3,7
2157,,,4,5
2158,,,4,5
2159,,,3,9
2160,,,3,9
2161,,,5,10
2162,,,4,5
2163,,,4,5
2164,,,4,5
2165,,,4,5
2166,,,4,5
2167,,,4,3
2168,,,4,6
2169,,,6,5
2170,,,6,5
2171,,,5,5
2172,,,6,5
2173,,,5,5
2174,,,6,5
2175,,,6,5
2176,,,4,5
2177,,,4,5
2178,,,6,5
2179,,,5,5
2180,,,5,5
2181,,,5,5
2182,,,4,5
2183,,,4,5
2184,,,5,5
2185,,,5,5
2186,,,5,5
2187,,,5,5
2188,,,4,5
2189,,,4,5
2190,,,4,5
2191,,,4,5
2192,,,4,7
2193,,,4,7
2194,,,7,6
2195,,,7,6
2196,,,4,6
2197,,,4,4
2198,,,4,4
2199,,,4,4
2200,,,4,4
2201,,,4,5
2202,,,4,4
2203,,,4,4
2204,,,4,4
2205,,,5,2
2206,,,3,4
2207,,,3,4
2208,,,3,4
2209,,,3,4
2210,,,4,4
2211,,,6,4
2212,,,6,4
2213,,,7,5
2214,,,7,5
2215,,,7,5
2216,,,6,4
2217,,,7,4
2218,,,6,4
2219,,,6,4
2220,,,6,4
2221,,,6,4
2222,,,6,5
2223,,,5,3
2224,,,5,5
2225,,,6,5
2226,,,6,5
2227,,,6,5
2228,,,5,5
2229,,,5,5
2230,,,5,5
2231,,,4,5
2232,,,5,5
2233,,,4,5
2234,,,3,4
2235,,,3,4
2236,,,3,4
2237,,,3,4
2238,,,6,5
2239,,,6,5
2240,,,6,5
2241,,,6,5
2242,,,6,6
2243,,,6,6
2244,,,6,5
2245,,,6,6
2246,,,6,5
2247,,,6,5
2248,,,6,6
2249,,,6,6
2250,,,3,4
2251,,,7,6
2252,,,7,2
2253,,,8,4
2254,,,8,4
2255,,,8,4
2256,,,8,4
2257,,,8,4
2258,,,8,4
2259,,,8,4
2260,,,8,4
2261,,,8,4
2262,,,8,4
2263,,,8,4
2264,,,8,4
2265,,,8,4
2266,,,6,6
2267,,,4,6
2268,,,8,5
2269,,,8,5
2270,,,4,3
2271,,,4,3
2272,,,4,3
2273,,,4,3
2274,,,4,3
2275,,,4,3
2276,,,4,3
2277,,,4,3
2278,,,4,2
2279,,,4,2
2280,,,5,5
2281,,,5,5
2282,,,6,5
2283,,,2,4
2284,,,2,4
2285,,,2,4
2286,,,2,4
2287,,,2,4
2288,,,2,4
2289,,,2,4
2290,,,2,4
2291,,,2,4
2292,,,7,6
2293,,,7,6
2294,,,4,5
2295,,,4,5
2296,,,7,6
2297,,,7,6
2298,,,3,5
2299,,,3,5
2300,,,4,5
2301,,,4,5
2302,,,3,5
2303,,,3,5
2304,,,3,5
2305,,,5,5
2306,,,3,5
2307,,,3,5
2308,,,4,5
2309,,,7,6
2310,,,7,6
2311,,,6,6
2312,,,6,6
2313,,,7,6
2314,,,7,6
2315,,,8,6
2316,,,8,6
2317,,,8,6
2318,,,8,6
2319,,,3,5
2320,,,3,5
2321,,,5,5
2322,,,5,5
2323,,,3,5
2324,,,3,4
2325,,,3,4
2326,,,3,4
2327,,,3,4
2328,,,3,4
2329,,,4,4
2330,,,5,4
2331,,,5,4
2332,,,3,4
2333,,,3,4
2334,,,3,4
2335,,,3,4
2336,,,3,4
2337,,,3,4
2338,,,3,4
2339,,,3,4
2340,,,3,4
2341,,,4,3
2342,,,3,5
2343,,,3,4
2344,,,3,4
2345,,,4,4
2346,,,4,4
2347,,,4,4
2348,,,3,4
2349,,,3,5
2350,,,3,5
2351,,,3,5
2352,,,4,3
2353,,,3,5
2354,,,3,4
2355,,,2,4
2356,,,3,5
2357,,,3,4
2358,,,3,4
2359,,,2,4
2360,,,2,4
2361,,,7,5
2362,,,7,5
2363,,,3,5
2364,,,7,5
2365,,,7,5
2366,,,7,5
2367,,,7,5
2368,,,7,5
2369,,,7,4
2370,,,7,4
2371,,,7,4
2372,,,7,4
2373,,,7,5
2374,,,7,5
2375,,,7,5
2376,,,7,4
2377,,,6,4
2378,,,6,4
2379,,,6,5
2380,,,6,5
2381,,,6,4
2382,,,7,5
2383,,,7,5
2384,,,7,5
2385,,,7,5
2386,,,3,5
2387,,,7,5
2388,,,7,5
2389,,,2,4
2390,,,3,7
2391,,,3,7
2392,,,4,7
2393,,,4,7
2394,,,3,7
2395,,,3,7
2396,,,3,7
2397,,,3,6
2398,,,3,6
2399,,,3,7
2400,,,2,4
2401,,,3,6
2402,,,3,6
2403,,,3,6
2404,,,2,4
2405,,,3,4
2406,,,3,4
2407,,,2,4
2408,,,2,4
2409,,,3,6
2410,,,3,6
2411,,,3,6
2412,,,3,6
2413,,,3,6
2414,,,3,6
2415,,,3,4
2416,,,2,4
2417,,,2,4
2418,,,5,5
2419,,,4,6
2420,,,6,5
2421,,,6,5
2422,,,7,5
2423,,,6,5
2424,,,6,5
2425,,,6,5
2426,,,6,5
2427,,,6,5
2428,,,6,7
2429,,,6,7
2430,,,6,7
2431,,,6,7
2432,,,7,7
2433,,,7,7
2434,,,6,7
2435,,,6,7
2436,,,7,7
2437,,,7,7
2438,,,6,7
2439,,,6,7
2440,,,6,7
2441,,,6,7
2442,,,4,3
2443,,,4,3
2444,,,4,4
2445,,,4,3
2446,,,6,5
2447,,,6,5
2448,,,6,5
2449,,,6,5
2450,,,6,5
2451,,,6,6
2452,,,5,6
2453,,,5,6
2454,,,5,6
2455,,,6,6
2456,,,6,6
2457,,,5,6
2458,,,8,6
2459,,,8,6
2460,,,6,3
2461,,,5,5
2462,,,4,5
2463,,,9,6
2464,,,9,6
2465,,,8,6
2466,,,8,6
2467,,,8,6
2468,,,9,6
2469,,,9,6
2470,,,9,6
2471,,,8,6
2472,,,8,6
2473,,,8,6
2474,,,3,4
2475,,,3,4
2476,,,3,4
2477,,,6,1
2478,,,4,4
2479,,,3,5
2480,,,4,4
2481,,,3,5
2482,,,3,5
2483,,,4,4
2484,,,4,4
2485,,,3,6
2486,,,3,6
2487,,,5,2
2488,,,5,2
2489,,,6,6
2490,,,3,5
2491,,,2,4
2492,,,3,4
2493,,,3,4
2494,,,3,4
2495,,,6,6
2496,,,6,6
2497,,,7,5
2498,,,5,2
2499,,,2,4
2500,,,2,4
2501,,,3,4
2502,,,3,4
2503,,,3,4
2504,,,2,4
2505,,,2,4
2506,,,2,4
2507,,,4,4
2508,,,4,7
2509,,,4,7
2510,,,8,5
2511,,,8,5
2512,,,8,5
2513,,,8,6
2514,,,8,5
2515,,,4,10
2516,,,4,10
2517,,,4,10
2518,,,4,10
2519,,,4,10
2520,,,3,9
2521,,,4,10
2522,,,3,10
2523,,,3,9
2524,,,3,10
2525,,,3,10
2526,,,3,9
2527,,,3,10
2528,,,3,10
2529,,,4,10
2530,,,3,10
2531,,,3,10
2532,,,4,10
2533,,,4,10
2534,,,3,10
2535,,,4,10
2536,,,4,10
2537,,,3,10
2538,,,3,10
2539,,,3,10
2540,,,3,10
2541,,,3,9
2542,,,7,6
2543,,,7,6
2544,,,5,10
2545,,,6,10
2546,,,6,10
2547,,,5,10
2548,,,5,10
2549,,,6,10
2550,,,6,10
2551,,,5,10
2552,,,5,10
2553,,,5,10
2554,,,5,10
2555,,,5,10
2556,,,6,10
2557,,,6,10
2558,,,6,10
2559,,,6,10
2560,,,6,10
2561,,,7,2
2562,,,6,2
2563,,,3,9
2564,,,4,10
2565,,,3,9
2566,,,3,9
2567,,,4,10
2568,,,4,10
2569,,,4,10
2570,,,2,9
2571,,,4,10
2572,,,2,9
2573,,,3,9
2574,,,3,10
2575,,,3,10
2576,,,5,10
2577,,,4,10
2578,,,5,10
2579,,,4,10
2580,,,4,10
2581,,,4,10
2582,,,4,10
2583,,,4,10
2584,,,4,10
2585,,,5,10
2586,,,5,10
2587,,,4,10
2588,,,4,10
2589,,,4,10
2590,,,4,10
2591,,,4,10
2592,,,4,10
2593,,,4,10
2594,,,4,10
2595,,,4,10
2596,,,4,10
2597,,,4,10
2598,,,4,10
2599,,,4,10
2600,,,4,10
2601,,,4,10
2602,,,4,10
2603,,,4,10
2604,,,3,4
2605,,,3,4
2606,,,1,9
2607,,,1,9
2608,,,1,9
2609,,,1,9
2610,,,1,9
2611,,,1,9
2612,,,1,9
2613,,,1,9
2614,,,1,9
2615,,,1,9
2616,,,1,9
2617,,,1,9
2618,,,1,9
2619,,,1,9
2620,,,1,9
2621,,,1,9
2622,,,1,9
2623,,,2,9
2624,,,2,9
2625,,,3,9
2626,,,3,9
2627,,,1,9
2628,,,1,9
2629,,,4,7
2630,,,2,9
2631,,,2,9
2632,,,2,9
2633,,,2,9
2634,,,2,9
2635,,,2,9
2636,,,2,9
2637,,,2,9
2638,,,3,9
2639,,,3,8
2640,,,3,8
2641,,,3,8
2642,,,3,9
2643,,,3,9
2644,,,3,9
2645,,,2,9
2646,,,2,9
2647,,,2,9
2648,,,1,9
2649,,,1,9
2650,,,2,9
2651,,,1,9
2652,,,1,9
2653,,,2,9
2654,,,3,8
2655,,,3,8
2656,,,2,9
2657,,,1,9
2658,,,1,9
2659,,,1,9
2660,,,1,9
2661,,,1,9
2662,,,1,8
2663,,,1,9
2664,,,1,8
2665,,,1,9
2666,,,6,5
2667,,,2,10
2668,,,2,9
2669,,,2,10
2670,,,2,10
2671,,,3,9
2672,,,3,9
2673,,,5,2
2674,,,5,3
2675,,,5,3
2676,,,5,3
2677,,,5,3
2678,,,5,2
2679,,,5,2
2680,,,5,2
2681,,,5,2
2682,,,5,2
2683,,,5,2
2684,,,5,2
2685,,,5,2
2686,,,5,2
2687,,,2,9
2688,,,2,9
2689,,,2,9
2690,,,2,9
2691,,,2,9
2692,,,2,9
2693,,,2,9
2694,,,2,9
2695,,,6,4
2696,,,6,4
2697,,,6,4
2698,,,6,4
2699,,,4,6
2700,,,4,6
2701,,,6,6
2702,,,6,6
2703,,,5,6
2704,,,5,6
2705,,,6,5
2706,,,6,5
2707,,,5,6
2708,,,5,6
2709,,,3,5
2710,,,3,5
2711,,,3,5
2712,,,3,5
2713,,,3,5
2714,,,3,5
2715,,,3,5
2716,,,3,5
2717,,,3,4
2718,,,3,4
2719,,,3,4
2720,,,4,5
2721,,,1,9
2722,,,7,6
2723,,,7,6
2724,,,4,5
2725,,,6,4
2726,,,6,4
2727,,,5,4
2728,,,5,4
2729,,,4,4
2730,,,3,4
2731,,,3,5
2732,,,4,5
2733,,,4,5
2734,,,3,6
2735,,,4,6
2736,,,4,7
2737,,,4,7
2738,,,4,8
2739,,,3,8
2740,,,3,8
2741,,,3,9
2742,,,3,9
2743,,,2,9
2744,,,2,9
2745,,,1,9
2746,,,1,9
2747,,,5,6
2748,,,5,6
2749,,,5,6
2750,,,5,6
2751,,,5,6
2752,,,5,4
2753,,,5,4
2754,,,5,5
2755,,,5,5
2756,,,5,6
2757,,,5,6
2758,,,5,7
2759,,,6,7
2760,,,7,6
2761,,,8,7
2762,,,8,6
2763,,,8,6
2764,,,8,5
2765,,,8,5
2766,,,6,5
2767,,,5,2
2768,,,4,3
2769,,,4,3
2770,,,3,4
2771,,,6,6
2772,,,6,6
2773,,,5,7
2774,,,5,7
2775,,,5,7
2776,,,5,7
2777,,,5,6
2778,,,5,7
2779,,,6,6
2780,,,6,6
2781,,,6,6
2782,,,6,6
2783,,,4,5
2784,,,4,5
2785,,,8,5
2786,,,4,3
2787,,,8,5
2788,,,5,5
2789,,,7,5
2790,,,5,5
2791,,,7,5
2792,,,6,5
2793,,,7,5
2794,,,3,5
2795,,,2,4
2796,,,4,8
2797,,,6,5
2798,,,6,5
2799,,,6,5
2800,,,6,5
2801,,,3,7
2802,,,3,7
2803,,,1,9
2804,,,1,9
2805,,,3,8
2806,,,3,8
2807,,,3,8
2808,,,1,9
2809,,,1,9
2810,,,3,8
2811,,,3,5
2812,,,9,4
2813,,,9,4
2814,,,9,4
2815,,,9,4
2816,,,9,4
2817,,,9,4
2818,,,9,4
2819,,,9,4
2820,,,9,4
2821,,,9,3
2822,,,9,3
2823,,,9,4
2824,,,9,4
2825,,,3,8
2826,,,3,9
2827,,,3,9
2828,,,7,5
2829,,,3,7
2830,,,3,7
2831,,,3,8
2832,,,3,8
2833,,,3,8
2834,,,3,8
2835,,,4,7
2836,,,4,7
2837,,,4,7
2838,,,3,7
2839,,,3,7
2840,,,3,7
2841,,,4,7
2842,,,4,5
2843,,,4,5
2844,,,4,5
2845,,,3,5
2846,,,5,5
2847,,,5,5
2848,,,3,5
2849,,,3,6
2850,,,3,5
2851,,,4,6
2852,,,6,5
2853,,,4,4
2854,,,5,5
2855,,,3,6
2856,,,3,4
2857,,,4,5
2858,,,6,5
2859,,,4,8
2860,,,6,6
2861,,,6,6
2862,,,6,6
2863,,,5,5
2864,,,5,5
2865,,,4,10
2866,,,4,10
2867,,,5,2
2868,,,3,6
2869,,,3,7
2870,,,2,8
2871,,,1,8
2872,,,3,7
2873,,,3,7
2874,,,2,8
2875,,,2,8
2876,,,2,8
2877,,,3,7
2878,,,2,8
2879,,,1,8
2880,,,1,8
2881,,,3,7
2882,,,2,4
2883,,,2,7
2884,,,2,7
2885,,,2,8
2886,,,2,8
2887,,,2,8
2888,,,1,8
2889,,,1,8
2890,,,1,8
2891,,,1,8
2892,,,2,7
2893,,,3,7
2894,,,3,7
2895,,,3,7
2896,,,4,6
2897,,,1,8
2898,,,3,7
2899,,,4,7
2900,,,2,4
2901,,,2,4
2902,,,2,4
2903,,,2,7
2904,,,2,7
2905,,,2,7
2906,,,2,7
2907,,,2,7
2908,,,2,7
2909,,,1,8
2910,,,1,8
2911,,,2,8
2912,,,2,8
2913,,,1,8
2914,,,1,8
2915,,,3,7
2916,,,3,7
2917,,,4,7
2918,,,4,5
2919,,,4,5
2920,,,4,5
2921,,,8,5
2922,,,5,7
2923,,,8,6
2924,,,8,6
2925,,,8,6
2926,,,8,6
2927,,,8,6
2928,,,3,6
2929,,,3,6
2930,,,4,6
2931,,,4,6
2932,,,3,7
2933,,,3,6
2934,,,3,6
2935,,,3,6
2936,,,3,6
2937,,,3,7
2938,,,3,7
2939,,,3,6
2940,,,3,6
2941,,,6,5
2942,,,3,5
2943,,,4,4
2944,,,4,4
2945,,,4,4
2946,,,3,5
2947,,,7,8
2948,,,4,4
2949,,,4,6
2950,,,4,6
2951,,,5,6
2952,,,4,4
2953,,,4,6
2954,,,5,6
2955,,,5,6
2956,,,4,5
2957,,,4,5
2958,,,4,5
2959,,,6,5
2960,,,5,5
2961,,,5,5
2962,,,5,5
2963,,,6,4
2964,,,6,5
2965,,,6,5
2966,,,6,5
2967,,,6,5
2968,,,6,5
2969,,,6,5
2970,,,6,6
2971,,,6,7
2972,,,6,7
2973,,,6,7
2974,,,6,7
2975,,,6,7
2976,,,7,5
2977,,,7,5
2978,,,7,5
2979,,,7,5
2980,,,7,5
2981,,,4,3
2982,,,3,6
2983,,,3,6
2984,,,3,4
2985,,,3,8
2986,,,6,4
2987,,,6,4
2988,,,6,4
2989,,,6,4
2990,,,6,6
2991,,,4,6
2992,,,5,7
2993,,,2,4
2994,,,2,4
2995,,,4,6
2996,,,4,6
2997,,,4,6
2998,,,4,6
2999,,,4,6
3000,,,4,6
3001,,,4,6
3002,,,4,6
3003,,,4,6
3004,,,4,6
3005,,,5,3
3006,,,5,3
3007,,,5,3
3008,,,5,3
3009,,,5,3
3010,,,5,3
3011,,,5,3
3012,,,6,1
3013,,,6,1
3014,,,6,2
3015,,,5,3
3016,,,5,3
3017,,,3,5
3018,,,6,4
3019,,,4,5
3020,,,7,6
3021,,,4,5
3022,,,5,3
3023,,,5,6
3024,,,3,5
3025,,,3,5
3026,,,3,5
3027,,,3,5
3028,,,3,5
3029,,,3,5
3030,,,4,5
3031,,,4,5
3032,,,4,5
3033,,,6,4
3034,,,5,6
3035,,,4,6
3036,,,5,6
3037,,,4,6
3038,,,5,6
3039,,,8,5
3040,,,8,5
3041,,,8,1
3042,,,8,1
3043,,,6,1
3044,,,6,2
3045,,,6,2
3046,,,6,2
3047,,,6,2
3048,,,6,2
3049,,,6,2
3050,,,6,2
3051,,,7,1
3052,,,4,3
3053,,,3,4
3054,,,3,4
3055,,,3,8
3056,,,4,8
3057,,,4,8
3058,,,4,10
3059,,,4,10
3060,,,5,10
3061,,,5,10
3062,,,4,10
3063,,,5,10
3064,,,4,10
3065,,,4,10
3066,,,4,10
3067,,,5,10
3068,,,4,10
3069,,,4,10
3070,,,4,10
3071,,,4,10
3072,,,4,10
3073,,,7,6
3074,,,7,7
3075,,,7,6
3076,,,7,6
3077,,,6,4
3078,,,6,4
3079,,,6,4
3080,,,6,4
3081,,,6,1
3082,,,6,1
3083,,,7,2
3084,,,7,2
3085,,,7,2
3086,,,7,5
3087,,,7,5
3088,,,7,5
3089,,,7,5
3090,,,7,2
3091,,,3,9
3092,,,3,9
3093,,,3,9
3094,,,7,3
3095,,,7,3
3096,,,7,3
3097,,,7,3
3098,,,7,3
3099,,,7,3
3100,,,7,3
3101,,,7,3
3102,,,7,3
3103,,,7,4
3104,,,7,3
3105,,,7,3
3106,,,7,3
3107,,,7,3
3108,,,7,3
3109,,,7,3
3110,,,7,3
3111,,,7,3
3112,,,7,4
3113,,,7,5
3114,,,8,5
3115,,,7,5
3116,,,8,5
3117,,,7,5
3118,,,6,5
3119,,,8,6
3120,,,8,6
3121,,,7,6
3122,,,7,6
3123,,,7,7
3124,,,7,7
3125,,,7,7
3126,,,7,7
3127,,,8,6
3128,,,8,6
3129,,,8,6
3130,,,8,6
3131,,,7,6
3132,,,7,6
3133,,,7,6
3134,,,7,6
3135,,,7,6
3136,,,7,6
3137,,,7,6
3138,,,7,6
3139,,,7,6
3140,,,7,6
3141,,,6,6
3142,,,6,6
3143,,,3,4
3144,,,3,4
3145,,,3,7
3146,,,3,7
3147,,,5,5
3148,,,4,5
3149,,,3,5
3150,,,3,9
3151,,,4,6
3152,,,4,4
3153,,,4,3
3154,,,4,3
3155,,,4,7
3156,,,5,3
3157,,,5,3
3158,,,5,2
3159,,,3,4
3160,,,3,4
3161,,,3,4
3162,,,6,6
3163,,,7,5
3164,,,6,3
3165,,,4,10
3166,,,4,10
3167,,,3,9
3168,,,3,9
3169,,,3,9
3170,,,3,9
3171,,,3,9
3172,,,3,9
3173,,,3,9
3174,,,3,9
3175,,,3,9
3176,,,3,9
3177,,,3,10
3178,,,3,9
3179,,,3,9
3180,,,3,9
3181,,,3,9
3182,,,3,9
3183,,,3,9
3184,,,3,9
3185,,,3,9
3186,,,4,10
3187,,,4,10
3188,,,8,5
3189,,,7,6
3190,,,5,2
3191,,,4,7
3192,,,4,7
3193,,,4,7
3194,,,4,7
3195,,,4,7
3196,,,4,7
3197,,,5,4
3198,,,6,4
3199,,,6,4
3200,,,5,4
3201,,,5,4
3202,,,5,4
3203,,,6,4
3204,,,6,4
3205,,,6,4
3206,,,6,4
3207,,,5,6
3208,,,4,5
3209,,,5,6
3210,,,5,7
3211,,,4,7
3212,,,5,7
3213,,,5,7
3214,,,4,7
3215,,,5,5
3216,,,3,5
3217,,,3,5
3218,,,5,4
3219,,,3,5
3220,,,4,7
3221,,,6,8
3222,,,4,4
3223,,,6,5
3224,,,3,5
3225,,,3,5
3226,,,3,5
3227,,,8,5
3228,,,8,5
3229,,,8,6
3230,,,6,5
3231,,,6,5
3232,,,8,6
3233,,,8,5
3234,,,8,5
3235,,,3,5
3236,,,3,5
3237,,,3,5
3238,,,4,9
3239,,,7,6
3240,,,3,5
3241,,,3,5
3242,,,2,9
3243,,,2,9
3244,,,5,6
3245,,,6,4
3246,,,4,5
3247,,,4,5
3248,,,4,6
3249,,,4,6
3250,,,5,4
3251,,,5,4
3252,,,3,6
3253,,,3,5
3254,,,3,5
3255,,,3,5
3256,,,3,6
3257,,,5,5
3258,,,3,5
3259,,,3,5
3260,,,3,5
3261,,,3,5
3262,,,3,5
3263,,,3,5
3264,,,3,5
3265,,,3,5
3266,,,3,5
3267,,,3,5
3268,,,3,5
3269,,,3,5
3270,,,3,5
3271,,,3,5
3272,,,3,5
3273,,,3,5
3274,,,3,5
3275,,,3,5
3276,,,3,5
3277,,,3,5
3278,,,3,5
3279,,,3,5
3280,,,3,5
3281,,,3,5
3282,,,3,5
3283,,,3,5
3284,,,3,5
3285,,,3,5
3286,,,3,5
3287,,,3,5
3288,,,3,5
3289,,,3,5
3290,,,3,5
3291,,,7,2
3292,,,6,8
3293,,,6,8
3294,,,6,8
3295,,,6,8
3296,,,6,8
3297,,,6,8
3298,,,6,8
3299,,,6,8
3300,,,6,8
3301,,,6,8
3302,,,6,8
3303,,,6,8
3304,,,6,8
3305,,,6,8
3306,,,6,8
3307,,,6,8
3308,,,7,6
3309,,,6,8
3310,,,6,8
3311,,,6,8
3312,,,6,8
3313,,,6,8
3314,,,6,8
3315,,,5,8
3316,,,6,8
3317,,,6,8
3318,,,5,8
3319,,,6,8
3320,,,6,8
3321,,,5,2
3322,,,5,2
3323,,,4,6
3324,,,6,4
3325,,,8,6
3326,,,8,6
3327,,,8,6
3328,,,8,6
3329,,,8,6
3330,,,8,5
3331,,,8,5
3332,,,8,5
3333,,,8,5
3334,,,8,5
3335,,,8,5
3336,,,8,5
3337,,,8,5
3338,,,8,5
3339,,,8,5
3340,,,8,5
3341,,,8,5
3342,,,8,5
3343,,,8,5
3344,,,9,5
3345,,,8,5
3346,,,8,5
3347,,,9,4
3348,,,8,5
3349,,,8,5
3350,,,9,5
3351,,,6,6
3352,,,6,6
3353,,,3,5
3354,,,4,3
3355,,,7,5
3356,,,5,4
3357,,,5,4
3358,,,5,4
3359,,,3,5
3360,,,5,10
3361,,,4,7
3362,,,4,7
3363,,,3,7
3364,,,4,7
3365,,,4,7
3366,,,3,5
3367,,,4,7
3368,,,4,7
3369,,,4,7
3370,,,4,7
3371,,,7,7
3372,,,6,2
3373,,,6,2
3374,,,3,5
3375,,,4,10
3376,,,4,3
3377,,,4,3
3378,,,4,3
3379,,,7,6
3380,,,7,6
3381,,,7,6
3382,,,6,6
3383,,,6,6
3384,,,7,6
3385,,,7,6
3386,,,6,6
3387,,,6,6
3388,,,6,6
3389,,,6,6
3390,,,7,5
3391,,,7,6
3392,,,3,5
3393,,,7,5
3394,,,7,5
3395,,,7,5
3396,,,7,4
3397,,,7,5
3398,,,7,4
3399,,,7,4
3400,,,6,6
3401,,,7,6
3402,,,7,6
3403,,,7,6
3404,,,7,6
3405,,,7,6
3406,,,5,4
3407,,,5,3
3408,,,5,3
3409,,,5,3
3410,,,5,4
3411,,,6,4
3412,,,6,4
3413,,,6,5
3414,,,6,5
3415,,,6,5
3416,,,6,5
3417,,,6,5
3418,,,6,5
3419,,,6,5
3420,,,7,7
3421,,,7,6
3422,,,7,7
3423,,,7,7
3424,,,7,7
3425,,,7,8
3426,,,7,7
3427,,,7,7
3428,,,7,7
3429,,,7,7
3430,,,7,8
3431,,,7,7
3432,,,7,8
3433,,,7,8
3434,,,7,7
3435,,,7,7
3436,,,7,7
3437,,,7,7
3438,,,8,9
3439,,,9,6
3440,,,9,7
3441,,,9,7
3442,,,8,7
3443,,,9,6
3444,,,8,4
3445,,,5,7
3446,,,4,7
3447,,,4,7
3448,,,4,7
3449,,,4,6
3450,,,5,4
3451,,,4,3
3452,,,4,4
3453,,,4,4
3454,,,3,4
3455,,,5,2
3456,,,4,3
3457,,,4,3
3458,,,4,3
3459,,,5,2
3460,,,5,2
3461,,,5,2
3462,,,5,2
3463,,,5,2
3464,,,4,2
3465,,,4,3
3466,,,4,3
3467,,,5,5
3468,,,5,5
3469,,,5,5
3470,,,4,4
3471,,,4,4
3472,,,5,4
3473,,,5,4
3474,,,5,4
3475,,,5,4
3476,,,5,4
3477,,,5,5
3478,,,3,4
3479,,,4,3
3480,,,5,8
3481,,,4,7
3482,,,5,4
3483,,,5,4
3484,,,4,7
3485,,,4,7
3486,,,4,5
3487,,,6,6
3488,,,4,7
3489,,,3,5
3490,,,4,2
3491,,,4,2
3492,,,4,3
3493,,,5,2
3494,,,5,2
3495,,,5,2
3496,,,5,2
3497,,,5,2
3498,,,5,7
3499,,,3,4
3500,,,5,2
3501,,,5,2
3502,,,4,6
3503,,,5,4
3504,,,5,4
3505,,,4,3
3506,,,4,3
3507,,,4,3
3508,,,4,3
3509,,,5,3
3510,,,5,3
3511,,,5,3
3512,,,5,3
3513,,,5,3
3514,,,5,4
3515,,,5,4
3516,,,5,10
3517,,,5,10
3518,,,7,1
3519,,,7,1
3520,,,6,1
3521,,,7,1
3522,,,8,1
3523,,,7,2
3524,,,7,2
3525,,,6,4
3526,,,5,2
3527,,,3,5
3528,,,3,5
3529,,,3,5
3530,,,3,5
3531,,,3,5
3532,,,4,4
3533,,,5,2
3534,,,6,4
3535,,,6,5
3536,,,6,5
3537,,,6,5
3538,,,6,5
3539,,,6,5
3540,,,6,5
3541,,,6,5
3542,,,6,5
3543,,,6,5
3544,,,6,5
3545,,,6,5
3546,,,6,5
3547,,,6,5
3548,,,6,5
3549,,,6,5
3550,,,6,5
3551,,,6,5
3552,,,6,5
3553,,,6,5
3554,,,6,2
3555,,,6,2
3556,,,6,2
3557,,,6,1
3558,,,6,2
3559,,,6,2
3560,,,6,2
3561,,,5,10
3562,,,8,5
3563,,,8,5
3564,,,8,5
3565,,,8,5
3566,,,8,5
3567,,,8,5
3568,,,8,5
3569,,,3,6
3570,,,3,6
3571,,,3,5
3572,,,3,5
3573,,,4,8
3574,,,5,2
3575,,,8,5
3576,,,7,5
3577,,,3,4
3578,,,4,5
3579,,,4,5
3580,,,4,5
3581,,,8,5
3582,,,8,5
3583,,,8,5
3584,,,8,5
3585,,,3,5
3586,,,4,3
3587,,,7,5
3588,,,7,5
3589,,,8,5
3590,,,2,4
3591,,,2,4
3592,,,7,5
3593,,,7,5
3594,,,1,9
3595,,,3,6
3596,,,8,5
3597,,,7,6
3598,,,3,5
3599,,,3,5
3600,,,3,5
3601,,,3,5
3602,,,3,5
3603,,,5,4
3604,,,5,4
3605,,,5,4
3606,,,5,4
3607,,,5,4
3608,,,5,4
3609,,,8,5
3610,,,8,5
3611,,,8,5
3612,,,8,5
3613,,,5,5
3614,,,3,5
3615,,,3,5
3616,,,3,5
3617,,,3,5
3618,,,3,5
3619,,,3,6
3620,,,4,4
3621,,,7,8
3622,,,3,5
3623,,,5,3
3624,,,5,3
3625,,,5,3
3626,,,5,3
3627,,,6,2
3628,,,6,2
3629,,,6,2
3630,,,6,2
3631,,,6,2
3632,,,6,2
3633,,,4,5
3634,,,4,5
3635,,,4,6
3636,,,4,6
3637,,,4,3
3638,,,4,3
3639,,,4,3
3640,,,4,3
3641,,,4,3
3642,,,4,3
3643,,,4,3
3644,,,4,3
3645,,,5,2
3646,,,6,4
3647,,,6,5
3648,,,6,5
3649,,,6,5
3650,,,6,5
3651,,,6,5
3652,,,6,5
3653,,,6,5
3654,,,6,5
3655,,,6,5
3656,,,3,5
3657,,,4,4
3658,,,4,4
3659,,,4,5
3660,,,4,5
3661,,,4,3
3662,,,6,5
3663,,,5,4
3664,,,3,6
3665,,,3,4
3666,,,5,6
3667,,,5,6
3668,,,6,6
3669,,,6,6
3670,,,3,6
3671,,,2,7
3672,,,5,5
3673,,,5,4
3674,,,3,10
3675,,,3,9
3676,,,3,5
3677,,,5,5
3678,,,1,9
3679,,,1,9
3680,,,1,9
3681,,,3,8
3682,,,3,8
3683,,,3,7
3684,,,4,6
3685,,,4,8
3686,,,4,8
3687,,,4,6
3688,,,7,7
3689,,,7,7
3690,,,7,7
3691,,,4,8
3692,,,5,6
3693,,,6,8
3694,,,6,8
3695,,,3,4
3696,,,8,5
3697,,,8,5
3698,,,5,2
3699,,,5,2
3700,,,3,5
3701,,,5,4
3702,,,6,5
3703,,,7,5
3704,,,7,5
3705,,,6,4
3706,,,5,4
3707,,,3,4
3708,,,3,4
3709,,,3,4
3710,,,3,4
3711,,,3,4
3712,,,3,4
3713,,,3,4
3714,,,3,4
3715,,,6,6
3716,,,6,6
3717,,,7,6
3718,,,6,6
3719,,,6,6
3720,,,8,6
3721,,,8,6
3722,,,8,6
3723,,,8,6
3724,,,4,10
3725,,,4,4
3726,,,5,6
3727,,,5,6
3728,,,4,6
3729,,,4,6
3730,,,7,7
3731,,,7,6
3732,,,7,5
3733,,,6,5
3734,,,6,5
3735,,,7,5
3736,,,6,5
3737,,,2,4
3738,,,2,4
3739,,,8,5
3740,,,5,4
3741,,,2,3
3742,,,8,7
3743,,,8,7
3744,,,8,7
3745,,,4,9
3746,,,9,6
3747,,,8,6
3748,,,8,6
3749,,,3,10
3750,,,10,4
3751,,,7,6
3752,,,10,4
3753,,,9,4
3754,,,10,4
3755,,,2,3
3756,,,2,10
3757,,,2,10
3758,,,7,6
3759,,,10,4
3760,,,8,6
3761,,,8,6
3762,,,8,6
3763,,,8,6
3764,,,1,9
3765,,,1,9
3766,,,8,6
3767,,,8,6
3768,,,9,4
3769,,,2,4
3770,,,2,4
3771,,,10,4
3772,,,7,6
3773,,,10,4
3774,,,6,5
3775,,,4,5
3776,,,4,5
3777,,,4,6
3778,,,3,4
3779,,,3,4
3780,,,6,4
3781,,,6,4
3782,,,6,5
3783,,,5,4
3784,,,8,1
3785,,,6,3
3786,,,6,3
3787,,,6,3
3788,,,6,3
3789,,,6,3
3790,,,6,3
3791,,,7,2
3792,,,5,3
3793,,,4,9
3794,,,4,9
3795,,,8,8
3796,,,8,8
3797,,,2,10
3798,,,3,10
3799,,,4,9
3800,,,3,8
3801,,,3,8
3802,,,3,6
3803,,,6,4
3804,,,2,4
3805,,,2,4
3806,,,6,4
3807,,,3,8
3808,,,3,4
3809,,,6,2
3810,,,6,2
3811,,,8,1
3812,,,4,9
3813,,,3,9
3814,,,3,8
3815,,,3,8
3816,,,3,8
3817,,,3,8
3818,,,6,5
3819,,,4,9
3820,,,4,9
3821,,,4,9
3822,,,4,9
3823,,,6,9
3824,,,6,9
3825,,,5,10
3826,,,5,10
3827,,,7,5
3828,,,7,5
3829,,,6,2
3830,,,6,2
3831,,,3,10
3832,,,3,10
3833,,,2,8
3834,,,3,8
3835,,,2,8
3836,,,8,6
3837,,,8,6
3838,,,3,9
3839,,,3,9
3840,,,6,1
3841,,,2,8
3842,,,6,1
3843,,,6,3
3844,,,2,8
3845,,,3,8
3846,,,6,3
3847,,,6,3
3848,,,6,3
3849,,,6,3
3850,,,2,4
3851,,,2,4
3852,,,8,5
3853,,,8,5
3854,,,9,4
3855,,,4,6
3856,,,6,6
3857,,,2,8
3858,,,2,8
3859,,,2,8
3860,,,3,9
3861,,,3,8
3862,,,2,8
3863,,,7,6
3864,,,7,6
3865,,,8,5
3866,,,8,5
3867,,,7,6
3868,,,7,6
3869,,,7,6
3870,,,7,6
3871,,,7,5
3872,,,7,5
3873,,,7,6
3874,,,7,6
3875,,,7,6
3876,,,7,6
3877,,,7,5
3878,,,7,6
3879,,,7,5
3880,,,7,6
3881,,,3,8
3882,,,3,8
3883,,,3,8
3884,,,3,8
3885,,,6,3
3886,,,6,3
3887,,,3,5
3888,,,3,5
3889,,,3,5
3890,,,3,5
3891,,,3,5
3892,,,3,5
3893,,,3,5
3894,,,6,5
3895,,,8,5
3896,,,8,5
3897,,,8,5
3898,,,8,5
3899,,,6,4
3900,,,6,4
3901,,,3,4
3902,,,3,4
3903,,,4,8
3904,,,3,9
3905,,,3,9
3906,,,6,3
3907,,,7,7
3908,,,7,7
3909,,,3,5
3910,,,9,3
3911,,,9,3
3912,,,8,5
3913,,,4,10
3914,,,5,10
3915,,,5,10
3916,,,4,10
3917,,,4,10
3918,,,4,10
3919,,,4,10
3920,,,3,10
3921,,,3,9
3922,,,4,6
3923,,,3,6
3924,,,6,2
3925,,,7,2
3926,,,7,5
3927,,,7,6
3928,,,8,6
3929,,,8,6
3930,,,7,7
3931,,,6,2
3932,,,6,2
3933,,,5,4
3934,,,4,6
3935,,,7,2
3936,,,5,10
3937,,,4,10
3938,,,4,10
3939,,,4,10
3940,,,3,9
3941,,,3,9
3942,,,3,9
3943,,,4,10
3944,,,4,10
3945,,,4,5
3946,,,4,5
3947,,,5,2
3948,,,5,2
3949,,,5,2
3950,,,5,2
3951,,,5,2
3952,,,5,2
3953,,,4,5
3954,,,4,5
3955,,,3,8
3956,,,3,8
3957,,,4,4
3958,,,3,4
3959,,,3,4
3960,,,3,5
3961,,,3,5
3962,,,8,5
3963,,,8,5
3964,,,8,5
3965,,,8,5
3966,,,8,5
3967,,,8,5
3968,,,8,5
3969,,,8,5
3970,,,8,5
3971,,,8,5
3972,,,8,5
3973,,,8,5
3974,,,8,5
3975,,,2,9
3976,,,2,9
3977,,,2,9
3978,,,3,4
3979,,,3,4
3980,,,4,4
3981,,,3,4
3982,,,3,4
3983,,,4,4
3984,,,4,4
3985,,,4,4
3986,,,4,4
3987,,,4,4
3988,,,4,4
3989,,,4,4
3990,,,4,4
3991,,,4,4
3992,,,4,4
3993,,,4,3
3994,,,4,3
3995,,,4,2
3996,,,4,2
3997,,,4,2
3998,,,4,4
3999,,,4,4
4000,,,4,4
4001,,,4,4
4002,,,4,4
4003,,,4,4
4004,,,4,4
4005,,,4,4
4006,,,4,4
4007,,,4,4
4008,,,4,4
4009,,,4,4
4010,,,4,4
4011,,,4,4
4012,,,4,4
4013,,,4,4
4014,,,4,4
4015,,,4,4
4016,,,4,4
4017,,,4,4
4018,,,4,4
4019,,,4,4
4020,,,2,4
4021,,,2,4
4022,,,3,4
4023,,,2,4
4024,,,3,4
4025,,,3,4
4026,,,3,4
4027,,,3,5
4028,,,3,4
4029,,,3,4
4030,,,3,5
4031,,,3,5
4032,,,3,5
4033,,,3,5
4034,,,3,5
4035,,,3,5
4036,,,3,4
4037,,,3,4
4038,,,3,4
4039,,,3,5
4040,,,3,5
4041,,,3,5
4042,,,3,5
4043,,,3,5
4044,,,3,5
4045,,,4,4
4046,,,3,4
4047,,,3,4
4048,,,3,4
4049,,,3,4
4050,,,3,5
4051,,,3,5
4052,,,3,5
4053,,,3,5
4054,,,3,5
4055,,,3,5
4056,,,3,5
4057,,,4,4
4058,,,4,4
4059,,,4,4
4060,,,4,4
4061,,,4,4
4062,,,5,4
4063,,,5,4
4064,,,5,4
4065,,,4,4
4066,,,4,4
4067,,,4,4
4068,,,4,4
4069,,,4,4
4070,,,4,4
4071,,,4,4
4072,,,4,4
4073,,,4,4
4074,,,4,4
4075,,,4,4
4076,,,4,4
4077,,,4,4
4078,,,4,4
4079,,,4,4
4080,,,4,4
4081,,,3,4
4082,,,4,4
4083,,,4,4
4084,,,4,4
4085,,,4,4
4086,,,4,4
4087,,,4,5
4088,,,4,5
4089,,,4,5
4090,,,4,5
4091,,,4,5
4092,,,5,4
4093,,,3,5
4094,,,3,5
4095,,,3,5
4096,,,3,5
4097,,,3,5
4098,,,3,5
4099,,,3,5
4100,,,3,5
4101,,,3,5
4102,,,3,5
4103,,,3,4
4104,,,3,4
4105,,,3,4
4106,,,3,4
4107,,,6,4
4108,,,6,4
4109,,,6,4
4110,,,6,4
4111,,,7,4
4112,,,3,5
4113,,,3,5
4114,,,3,5
4115,,,3,5
4116,,,3,5
4117,,,4,3
4118,,,8,5
4119,,,4,4
4120,,,4,4
4121,,,3,5
4122,,,3,5
4123,,,4,6
4124,,,3,7
4125,,,4,7
4126,,,8,6
4127,,,8,5
4128,,,5,4
4129,,,5,4
4130,,,5,4
4131,,,5,4
4132,,,5,4
4133,,,5,4
4134,,,5,4
4135,,,5,4
4136,,,4,6
4137,,,4,6
4138,,,5,2
4139,,,3,4
4140,,,4,4
4141,,,4,4
4142,,,4,5
4143,,,4,4
4144,,,4,5
4145,,,3,5
4146,,,3,5
4147,,,6,4
4148,,,6,4
4149,,,6,4
4150,,,5,3
4151,,,5,3
4152,,,5,3
4153,,,5,3
4154,,,5,3
4155,,,5,3
4156,,,5,3
4157,,,5,3
4158,,,5,3
4159,,,5,2
4160,,,5,2
4161,,,5,4
4162,,,5,4
4163,,,5,5
4164,,,5,5
4165,,,5,5
4166,,,5,5
4167,,,5,5
4168,,,5,5
4169,,,5,5
4170,,,4,5
4171,,,3,5
4172,,,3,5
4173,,,3,5
4174,,,3,5
4175,,,5,3
4176,,,5,3
4177,,,5,3
4178,,,5,3
4179,,,5,3
4180,,,5,4
4181,,,5,4
4182,,,5,4
4183,,,5,4
4184,,,5,4
4185,,,5,4
4186,,,5,4
4187,,,5,4
4188,,,5,4
4189,,,5,4
4190,,,4,4
4191,,,4,4
4192,,,4,4
4193,,,4,5
4194,,,5,4
4195,,,5,4
4196,,,3,5
4197,,,4,5
4198,,,4,5
4199,,,4,5
4200,,,4,5
4201,,,4,5
4202,,,4,4
4203,,,4,4
4204,,,4,4
4205,,,4,4
4206,,,4,4
4207,,,4,4
4208,,,4,5
4209,,,4,5
4210,,,4,5
4211,,,4,5
4212,,,4,5
4213,,,4,5
4214,,,4,5
4215,,,7,5
4216,,,7,5
4217,,,7,5
4218,,,7,5
4219,,,4,5
4220,,,4,5
4221,,,4,5
4222,,,4,5
4223,,,4,5
4224,,,4,5
4225,,,4,5
4226,,,5,5
4227,,,5,5
4228,,,5,5
4229,,,5,5
4230,,,5,5
4231,,,5,5
4232,,,5,4
4233,,,5,4
4234,,,3,6
4235,,,7,5
4236,,,7,5
4237,,,2,4
4238,,,5,5
4239,,,5,5
4240,,,4,9
4241,,,7,3
4242,,,4,4
4243,,,4,4
4244,,,4,5
4245,,,5,5
4246,,,5,5
4247,,,8,5
4248,,,8,5
4249,,,8,6
4250,,,8,6
4251,,,4,7
4252,,,4,8
4253,,,4,8
4254,,,3,4
4255,,,3,4
4256,,,2,4
4257,,,2,4
4258,,,8,5
4259,,,3,6
4260,,,3,8
4261,,,4,5
4262,,,4,5
4263,,,7,5
4264,,,7,5
4265,,,3,9
4266,,,7,6
4267,,,7,6
4268,,,7,6
4269,,,3,6
4270,,,6,4
4271,,,6,5
4272,,,6,5
4273,,,6,5
4274,,,6,5
4275,,,6,5
4276,,,5,10
4277,,,4,10
4278,,,2,4
4279,,,2,4
4280,,,3,5
4281,,,3,4
4282,,,3,4
4283,,,2,4
4284,,,2,4
4285,,,3,5
4286,,,5,5
4287,,,3,5
4288,,,3,4
4289,,,3,4
4290,,,3,5
4291,,,3,4
4292,,,5,2
4293,,,5,2
4294,,,5,4
4295,,,4,4
4296,,,4,4
4297,,,4,4
4298,,,3,5
4299,,,3,5
4300,,,3,5
4301,,,3,5
4302,,,3,4
4303,,,3,4
4304,,,3,4
4305,,,3,5
4306,,,3,5
4307,,,3,5
4308,,,3,5
4309,,,3,4
4310,,,3,5
4311,,,2,4
4312,,,2,4
4313,,,3,4
4314,,,3,4
4315,,,3,4
4316,,,3,4
4317,,,3,4
4318,,,2,4
4319,,,2,4
4320,,,3,5
4321,,,2,4
4322,,,2,4
4323,,,3,5
4324,,,2,4
4325,,,2,4
4326,,,3,4
4327,,,3,4
4328,,,3,5
4329,,,3,4
4330,,,3,4
4331,,,2,4
4332,,,2,4
4333,,,2,4
4334,,,2,4
4335,,,3,4
4336,,,3,4
4337,,,2,4
4338,,,2,4
4339,,,3,5
4340,,,5,3
4341,,,5,6
4342,,,5,6
4343,,,3,8
4344,,,4,4
4345,,,1,9
4346,,,3,4
4347,,,3,4
4348,,,3,4
4349,,,3,4
4350,,,3,4
4351,,,3,4
4352,,,3,8
4353,,,3,8
4354,,,3,8
4355,,,7,5
4356,,,3,6
4357,,,8,5
4358,,,8,5
4359,,,8,5
4360,,,8,5
4361,,,8,5
4362,,,8,5
4363,,,8,4
4364,,,6,7
4365,,,6,7
4366,,,6,7
4367,,,6,7
4368,,,6,7
4369,,,6,7
4370,,,4,10
4371,,,3,8
4372,,,3,8
4373,,,3,8
4374,,,3,8
4375,,,3,8
4376,,,7,2
4377,,,8,5
4378,,,3,7
4379,,,3,10
4380,,,3,10
4381,,,7,4
4382,,,6,1
4383,,,6,10
4384,,,7,5
4385,,,8,5
4386,,,8,5
4387,,,8,5
4388,,,5,5
4389,,,6,9
4390,,,6,6
4391,,,6,8
4392,,,6,8
4393,,,6,8
4394,,,6,6
4395,,,7,6
4396,,,7,6
4397,,,7,6
4398,,,7,6
4399,,,6,5
4400,,,6,1
4401,,,6,2
4402,,,6,2
4403,,,6,2
4404,,,6,2
4405,,,6,2
4406,,,6,2
4407,,,4,5
4408,,,4,5
4409,,,6,4
4410,,,6,5
4411,,,6,5
4412,,,6,5
4413,,,7,5
